<?xml version='1.0' encoding='UTF-8' ?>
<beans xmlns="http://www.springframework.org/schema/beans"
       xmlns:xsi="http://www.w3.org/2001/XMLSchema-instance"
       xmlns:p="http://www.springframework.org/schema/p"
       xmlns:aop="http://www.springframework.org/schema/aop"
       xmlns:tx="http://www.springframework.org/schema/tx"
       xsi:schemaLocation="http://www.springframework.org/schema/beans http://www.springframework.org/schema/beans/spring-beans-4.0.xsd
       http://www.springframework.org/schema/aop http://www.springframework.org/schema/aop/spring-aop-4.0.xsd
       http://www.springframework.org/schema/tx http://www.springframework.org/schema/tx/spring-tx-4.0.xsd">

    
    <import resource="spring-Datasource.xml"/>
    
    <bean id="stockDao" class="stock.orm.dao.StockDao">
        <property name="sessionFactory" ref="sessionFactory" />
    </bean>
    
    
    <bean id="traderDao" class="stock.orm.dao.TraderDao">
        <property name="sessionFactory" ref="sessionFactory" />
    </bean>

    <bean id="investorDao" class="stock.orm.dao.InvestorDao">
        <property name="sessionFactory" ref="sessionFactory" />
    </bean>
    
    
    <bean id="fundDao" class="stock.orm.dao.FundDao">
        <property name="sessionFactory" ref="sessionFactory" />
    </bean>
    
</beans>
