<?xml version='1.0' encoding='UTF-8' ?>
<beans xmlns="http://www.springframework.org/schema/beans"
       xmlns:xsi="http://www.w3.org/2001/XMLSchema-instance"
       xmlns:p="http://www.springframework.org/schema/p"
       xmlns:aop="http://www.springframework.org/schema/aop"
       xmlns:tx="http://www.springframework.org/schema/tx"
       xsi:schemaLocation="http://www.springframework.org/schema/beans http://www.springframework.org/schema/beans/spring-beans-4.0.xsd
       http://www.springframework.org/schema/aop http://www.springframework.org/schema/aop/spring-aop-4.0.xsd
       http://www.springframework.org/schema/tx http://www.springframework.org/schema/tx/spring-tx-4.0.xsd">
       
    <!-- transaction manager -->
    <bean id="transactionManager"
          class="org.springframework.orm.hibernate5.HibernateTransactionManager">
        <property name="sessionFactory" ref="sessionFactory" />
    </bean>
    
    <tx:annotation-driven transaction-manager="transactionManager"/>
    
    <bean id="propertyConfigurer"
          class="org.springframework.beans.factory.config.PropertyPlaceholderConfigurer"
          p:location="classpath:jdbc.properties" />

    <bean id="dataSource" class="com.mchange.v2.c3p0.ComboPooledDataSource">
        <property name="driverClass" value = "${db.driverClassName}" />
        <property name="jdbcUrl" value = "${db.url}" />
        <property name="user" value = "${db.username}" />
        <property name="password" value = "${db.password}" />
        <property name="initialPoolSize" value = "${pool.initialSize}" />
    </bean>
    
    <bean id="sessionFactory"
          class="org.springframework.orm.hibernate5.LocalSessionFactoryBean" >
        
        <property name="dataSource" ref="dataSource" />
        
        <property name="mappingResources"> 
            <list> 
                <value>model.hbm_stock.xml</value> 
            </list> 
        </property> 
        
        <property name="hibernateProperties">
            <props>
                <prop key="hibernate.dialect">org.hibernate.dialect.DerbyDialect</prop>
                <prop key="hibernate.show_sql">false</prop>
                <prop key="hibernate.format_sql">true</prop>
                <prop key="hibernate.hbm2ddl.auto">update</prop>
                <!-- 解決 org.hibernate.LazyInitializationException: could not initialize proxy - no Session 的問題 -->
                <prop key="hibernate.enable_lazy_load_no_trans">true</prop>
            </props>
        </property>
        
    </bean>
</beans>